Wavelength,A,A,A,A,A,A2,A2,A2,A2,A2
250.5,-99.1085749142817,-95.202951479122,-101.067766733457,-102.598281381921,-94.3661372547384,-119.024477763848,-117.800977929017,-118.635465379793,-120.150002608876,-118.040103923045
250.9,-97.1963565695415,-95.8026437608982,-97.5214091365117,-96.0196047817705,-95.0363809316701,-116.02518423382,-115.136755036038,-120.579471546177,-114.873988726214,-113.532264280012
251,-94.788455635954,-95.2466603518441,-93.6335811786104,-95.3287769799758,-95.90423270073,-111.39296334161,-117.493603170625,-112.371534634312,-112.113847607467,-118.25235841841
251.1,-90.6844886155953,-92.2651297922497,-92.3300849591079,-92.3437172543994,-92.9756009095114,-109.428425689092,-113.739655941503,-107.676344275583,-112.401116476384,-104.577142709434
251.3,-89.9076709034781,-91.1586072091313,-90.9726478582514,-87.4149856155704,-91.3536262135536,-110.882396735822,-110.36064043719,-105.70120095994,-107.391466178809,-113.462313776292
251.5,-86.7068523705632,-91.3921877318341,-90.3386902425698,-88.242583828277,-87.4995716926834,-107.883977123331,-103.342629033423,-110.077658851863,-103.001081193206,-108.475173465079
251.6,-90.0846771993509,-87.3330462085003,-86.530553311086,-88.9733711926696,-81.6558916110503,-104.132044691257,-102.733522804101,-103.176280242306,-107.014731303472,-104.533542888922
251.9,-87.6995040518755,-90.1478534863015,-83.3708553277242,-87.2825463651038,-86.8548620992187,-101.355517190245,-102.31867664502,-106.254752184575,-103.524450109325,-103.552762514912
252,-80.0289273282513,-88.9302252763637,-85.7281205657312,-83.2549483986298,-84.9738432794239,-101.203993658955,-100.933311577294,-95.9253584478123,-97.580105471981,-107.156192033471
252.4,-84.0484336456531,-80.0296996141359,-79.1275655403163,-80.5676726419736,-78.9632665979984,-97.1784599854867,-96.1135835857652,-96.4046600502123,-103.034279745268,-101.027385201082
252.6,-79.6671329664054,-77.3607914718752,-80.4970273599335,-84.5920387870415,-76.6405237788141,-99.071817114778,-94.7591477610619,-93.2263409253041,-96.4861228930347,-96.1066267012944
253,-79.7172957046478,-79.6107067307486,-80.3441691326192,-76.7428972667041,-79.8574803658365,-95.2594816905388,-94.9528119777376,-92.5389627451494,-90.0715031702084,-96.2703741185189
253.3,-80.0729175489332,-79.1625215614539,-73.3021153348284,-81.6930675828135,-77.9511880517575,-94.1458082703207,-92.5310960115471,-90.7089316236693,-93.1001539171056,-93.0955278863986
253.7,-76.6341588068881,-74.4279293651895,-76.951539567171,-74.2288950957831,-77.8500578424802,-88.2393564646907,-90.8093753116522,-88.2237451899642,-92.48131116807,-87.9162056518966
254.2,-73.9346457470134,-70.6476676293471,-78.4827648312561,-72.2863704654379,-75.2976121891081,-86.7840973719796,-91.3044107907033,-91.668301514704,-89.7109591040654,-89.220527530877
254.7,-71.5422180365047,-73.7888132412097,-73.6557253000903,-70.5347159214872,-70.4213360722964,-86.7707916435198,-88.3196519240263,-82.4781492491425,-89.6004417047855,-84.857153047732
255.1,-72.8110333498577,-68.8927388348894,-68.6746536684919,-69.4095362186669,-72.2218724100546,-85.3864705907505,-83.9314478855347,-89.9200746840716,-86.3189449057779,-81.1187465219011
255.6,-65.5151681063462,-71.4991165430416,-69.9020089520569,-70.8430978552649,-64.7211112266251,-81.2431887610378,-83.4634784037449,-81.6708265662261,-81.0215604852917,-83.0654304309179
256,-65.5386294927769,-69.3396566604097,-72.6134805608255,-68.9386071155084,-66.2166346124036,-80.5040803923734,-80.6331624627971,-80.8702517032552,-84.8834489502989,-80.0764935374474
256.2,-68.7789438685158,-67.0424735390292,-66.7784475604121,-64.1586535149387,-70.0946163246911,-76.6266259598858,-79.3015973884655,-76.8598590498383,-80.5814235612934,-77.6915431904418
256.7,-59.8712320928046,-65.846926174288,-60.5328515714872,-67.1552583112719,-59.6103137132836,-75.2062912612639,-73.4849095750135,-78.0139401911416,-76.6416659132654,-79.5952392240525
256.8,-60.9921128762455,-60.3021120051606,-61.0023917091258,-61.2763868962625,-60.8510657724874,-75.3439766760885,-76.5590683243385,-72.8361561825822,-77.6001213728821,-74.4423520916133
257.2,-58.3545077795516,-58.645971044098,-60.8694547771995,-57.3378413919943,-58.3548312427744,-70.3203026814175,-75.3100501787235,-71.5087747971765,-77.2555577712766,-73.012656780678
257.5,-57.7649612149129,-59.4995472783126,-59.4211216134144,-55.0430061760684,-54.8025619841509,-68.0579158262297,-69.9746933911131,-72.4783778167119,-75.3586974469757,-71.9316676192543
258,-57.477387779179,-57.3898915343276,-53.2167387701215,-63.0130889736152,-58.7343553326586,-70.8693266497847,-73.7721384389767,-70.1535517530046,-70.5327289210234,-67.7910863228238
258.6,-57.6199448148895,-56.1278179368828,-55.7182857648533,-58.8453267019258,-57.3575900436031,-63.9795327297515,-73.2803286438633,-68.4919252635063,-73.4883371461978,-66.7863248031555
259.2,-58.637072712138,-59.8733046008065,-57.6321726200599,-55.3518963181981,-55.399517089558,-66.2365453891745,-70.1543160042348,-65.5810296851802,-68.797739713631,-64.4209264398144
260,-60.4516813441981,-56.8540253509217,-57.2952818680575,-60.7341666601156,-59.3646683217375,-71.5058910955548,-70.902250519005,-71.0055606587915,-70.2932597641361,-71.793697526299
260.4,-56.4448853291457,-59.5710363724223,-61.8926890182585,-57.5257130363361,-58.2903501884453,-69.1181299806465,-72.387444878693,-76.1668437496322,-72.6184194839739,-71.4607854507803
261.3,-60.3583935924176,-54.1602343474125,-63.6033112551333,-59.0984348327517,-56.4496045130745,-75.4265919344079,-74.2976376518277,-69.6269359846119,-68.1191256604688,-73.6091264107106
261.6,-62.1870400196198,-61.6350165232283,-58.1700916205935,-63.2177829243991,-58.4740801758451,-68.8859597606445,-76.2988367158149,-69.3540967751321,-73.2115447545581,-70.1345031727387
262.3,-55.5349839058268,-60.8489095284037,-57.0970324444416,-58.3510335531992,-57.0461862875651,-70.239619376948,-72.5263513253456,-70.3679365146205,-75.2574650008949,-71.1889817400489
262.8,-51.3256537661853,-58.6546701148074,-55.6332606480792,-58.6732482990045,-56.9057942804626,-70.7876658488183,-66.7361368639329,-69.3147547985146,-61.958961257714,-69.4062424023323
262.9,-58.0972473560608,-57.1242112640439,-57.4620477240927,-56.0428975095021,-60.8111314570311,-66.3710740713642,-62.7445628958992,-63.3613174301062,-64.0910468097171,-67.0705669692083
263.2,-52.4943508537998,-53.3481457996888,-53.7418227293322,-49.5502578084202,-53.9857184642451,-61.8736147087395,-61.7269932274561,-66.8220108937531,-65.3723338156816,-62.1554627759697
263.4,-42.9879131480475,-49.840445271099,-51.1415823605011,-50.09113098737,-54.9543171130327,-63.1997115766055,-62.4218254139627,-61.5969225031806,-64.4322805455111,-65.7493716535983
263.7,-52.0272329693109,-50.9910911414709,-53.8181495292548,-53.1960917642719,-50.8918039494619,-60.1911048835342,-62.0254550503476,-65.6385703173863,-59.4554146129726,-57.9970295011584
264.1,-47.7195644018619,-50.6766403289432,-50.2117832343459,-51.3006666608789,-46.8541848613943,-59.4660498802662,-60.127922581864,-61.7060608407974,-57.4422351257451,-60.4209919295227
264.2,-44.6846527042732,-43.2895219316472,-47.1559692746625,-52.3136264725149,-48.2310935636553,-62.8104612649417,-59.3139303708573,-60.3179288559118,-61.2721370454455,-57.0260461371498
265.1,-48.277850105843,-46.9725173256786,-49.3743990203846,-46.690673570163,-47.8742622962263,-57.9229427636169,-56.5751816128476,-55.6931422863522,-55.6477695257181,-58.7431073670663
265.2,-49.3295115254194,-44.887263674964,-46.1420358278452,-46.1180658224405,-49.4509268091893,-55.8916477647028,-58.0297212559337,-51.7638998073253,-59.6972649001598,-51.84559283715
266.1,-52.8786098881837,-44.8446769734004,-52.307510803989,-52.2500190534978,-46.5787623820154,-59.6430770451791,-57.4184311435449,-59.7971469665752,-62.1972439299499,-57.3350071699493
266.2,-50.4375095248439,-55.8219554291435,-50.3106287236836,-47.5117941930807,-46.9144213575738,-57.8164646195015,-56.4580140773886,-57.5012674949802,-60.8021417109,-58.183066423629
266.7,-54.532604573295,-50.7717931063772,-54.3011622641549,-47.3332314761782,-54.080938880794,-60.9247948175452,-62.6401447062917,-66.9318087081677,-60.0073093013651,-67.7539201554751
266.8,-54.9683271566111,-54.5017092071238,-50.1698263874447,-53.5636227899568,-53.8169175014729,-60.3360603348636,-65.6904168536608,-66.7684172067826,-61.0175329506548,-60.7641746537386
267,-50.9528493399813,-48.5486786603308,-54.4279603039484,-53.772910625596,-57.8492556049873,-62.9759296139805,-66.1818907498555,-63.1953901127563,-68.0621876485787,-56.4421295002764
267.3,-55.1761594236096,-54.2766242001191,-56.6424486159558,-52.0456298103996,-56.6198524483423,-65.306171995246,-67.7821094421425,-66.4331492564888,-66.8386109015287,-64.1328995621441
267.4,-56.3764546250672,-57.087548167923,-59.6770483201351,-59.6175758462258,-57.6561397008946,-65.6776420503811,-67.9355428953682,-68.0369863422742,-66.5076170552286,-70.2337210704466
268.2,-59.2736049675992,-58.2586779617298,-54.9901724717237,-58.9342383143121,-55.325678152377,-67.9747820137393,-66.9618014398691,-70.0881221884876,-72.2164631593293,-67.9609693747424
269.2,-55.3955048484998,-56.8946355394395,-60.5481610078267,-57.0600719609918,-57.7296789208212,-64.8451117163079,-61.1301967709113,-67.0352503607225,-66.7776186309212,-68.5929860584309
269.9,-57.1938046043889,-49.4662992356002,-52.7550639762111,-52.1291899604354,-56.8376239912713,-66.6245121876384,-64.1891060991337,-61.810022728141,-65.0439487990956,-62.2706152212914
270.1,-54.6895747215797,-55.0924498119922,-49.0067418003724,-56.528249788253,-56.9409668132497,-64.1203025540126,-63.5990534483294,-65.8420851022393,-61.9876527225393,-62.2792969670755
270.9,-48.7466838894374,-50.4589645345955,-54.6287553526958,-52.9132113548652,-54.6735687542881,-62.4936668384267,-60.8566340098741,-64.9802087109856,-59.5391123229992,-63.6125371241986
271.4,-52.1649698418516,-49.9131686848666,-50.3603115846901,-52.1604630895175,-51.9187768618325,-60.6907161990233,-57.4430993899266,-60.1179768539226,-60.1111147654958,-65.6112428940586
272.3,-51.0840707828175,-51.6602720748763,-48.5289061098532,-51.1730095170945,-54.2987655032117,-59.4614331794326,-61.1683015454125,-57.2362549387238,-61.2489252296791,-60.1239509299883
272.8,-50.9757049923534,-55.566151098974,-53.3028579636775,-49.4368361584449,-49.9542951463326,-60.792888061452,-59.9531576591439,-63.7703367466058,-64.0495365478445,-58.663606759582
273.6,-52.2707940251551,-54.8790935190473,-48.9864131704637,-51.8225184166097,-50.514903999882,-64.3556765617401,-60.2522180323055,-65.0454067152398,-61.0852118085906,-60.281347599549
274.1,-51.0309693908914,-50.8909492625531,-53.8669190607829,-54.7274240083343,-54.2340318228051,-60.7084030636685,-62.5139582575031,-60.9648651982502,-64.9302154640311,-67.1133529230656
274.9,-51.4120705307181,-51.9585812387633,-55.3190743387839,-51.7883691999242,-52.0922131514611,-68.8980034623005,-63.15488175314,-59.3135228104284,-62.1884929082234,-61.9613547621757
275.4,-49.9593642402152,-51.9130180888673,-51.3786173506946,-54.7952882428562,-48.7599093182496,-61.8854976596875,-60.1552281075194,-63.5686603953492,-57.9896204174732,-60.8227567623827
276.3,-48.8393773480656,-46.9279957224882,-49.639931948541,-53.3740905341323,-50.1993019343838,-56.1489635988624,-65.3346867986943,-53.6376260358668,-62.3814363436157,-59.4807469968549
276.6,-48.3023132274716,-50.0769674025412,-50.7728028046929,-47.0962072675545,-45.9149471182454,-54.5584623911407,-61.1607871002177,-60.5313198856644,-58.245162552152,-57.6943195655613
277.4,-42.2002001456011,-46.0542058527306,-46.6828804496255,-51.4395406293194,-46.3382155040512,-51.8036725583852,-54.5813343319971,-55.8258296807296,-49.7879254971718,-56.5870763311684
277.6,-47.2632735383368,-42.2047567830347,-45.0905564270534,-45.7784948246015,-46.9714788697202,-55.1689017971588,-50.9896341051335,-53.339230177049,-54.042608614391,-56.3679476579356
278.3,-45.1936739198413,-39.6057309637555,-40.2784947227004,-41.2921298543485,-43.4108069094849,-52.0741474169827,-51.4830325383988,-52.4859132772564,-49.0649429145926,-46.3595846076063
278.9,-42.0711156599792,-43.5647359163037,-41.1755067357221,-42.8530068626069,-38.2123675704166,-47.46298355178,-47.3109132328442,-49.9931290773697,-47.8764556087009,-47.0651458052906
279.5,-43.6668559129536,-48.4299528837519,-39.7017593943125,-35.473986640324,-40.9346145804734,-48.0628763442496,-47.2987257978416,-50.9265929617291,-47.4624113502945,-45.2453938816509
280.3,-36.4636028281416,-43.975991882111,-40.6698562627314,-39.4452036651703,-37.9506842614544,-48.0159207645535,-44.5212914547222,-46.8716450683031,-52.5114368353956,-45.7827262500702
280.8,-35.3338772833093,-42.3466020738424,-38.6040018482508,-38.228090290213,-36.1741286854278,-40.8684005097108,-44.236545553688,-44.9812715172251,-45.2373770295298,-44.2451160888367
281.5,-38.0712251470361,-30.6591269081835,-32.9497866029776,-34.1062959556395,-33.9812646274643,-40.6860386933085,-43.1749450660698,-42.1531889220127,-44.5195456043302,-41.9457294340403
281.9,-29.825863023077,-33.4942896194546,-35.1486264199988,-31.7792350265705,-30.7110761519158,-38.084869883532,-42.2552092953887,-38.1213448308899,-44.200132645665,-41.0718330841629
282.5,-31.4096778907961,-28.4797855891045,-32.5983379923273,-28.1754285573623,-27.1206413224934,-38.5800457925763,-35.4834532928899,-34.9556936549688,-35.8720891537859,-30.6862761873933
282.9,-23.8797227715875,-23.7221678206802,-23.1913638142758,-24.7011853560163,-27.745982297795,-33.5536082013484,-32.269595513804,-35.0370437517862,-32.4745058020556,-27.021076311384
283.1,-20.6300986863711,-21.9187543084136,-30.4363468380845,-25.9355620182471,-21.1609470724278,-32.4948450619301,-35.4870104028606,-29.0904390616802,-30.0160693830032,-30.9098262973623
283.5,-25.7414284804988,-19.4636632216859,-21.2539772823694,-24.3837601029969,-22.1038452307899,-25.641872903293,-29.2074857576739,-29.1145627546924,-22.8055801822074,-23.8589118853956
283.6,-22.3921191867848,-20.1449400861103,-20.0415705726413,-18.4018732763613,-16.396243875146,-23.2987438300532,-24.1244802996238,-24.9518932431428,-29.0038054680802,-24.6836470554199
283.8,-21.0688157934461,-10.9779529185362,-13.6792884932912,-17.5131731801953,-18.9650163314627,-21.922676146903,-24.8135256204037,-16.4537950497467,-23.771999533405,-24.8503334741225
283.9,-14.3998000516489,-16.8332139884035,-18.8654140185701,-15.3873258747212,-13.7923979650486,-18.4492342154299,-16.0585269585512,-20.151267834249,-17.6434313067452,-20.9720654429001
284.3,-11.5008892557066,-12.9825865386298,-12.8079362958676,-11.0737320818707,-15.7325430109404,-18.7824719100433,-14.1423680935752,-13.2783905563951,-15.8922575075991,-17.9298328685848
284.4,-13.149256904648,-6.56856849986165,-12.6568209411213,-11.548539661184,-11.2093906590023,-12.2713144511622,-18.284973703,-16.4498063160459,-14.6549250333507,-18.128074847875
284.9,-12.2871976899403,-10.6798004501567,-3.73751326381317,-15.4771740215143,-7.68392551939905,-9.73584308191559,-10.6068756452848,-8.06080432784406,-12.6595598148847,-11.7906346089798
285.5,-9.42069828894582,-8.23099435274412,-3.04094135878605,-6.25498747854519,-5.44930640917416,-11.6830077330252,-9.94924927937412,-8.09230390722767,-8.9963795994478,-5.61945468235698
285.7,-9.69496205670338,-0.251484384982429,-10.3197003876711,-10.9638792703463,-6.83667643535165,-9.50861707883833,-5.05045114819595,-9.1807871685852,-8.17724328821713,-8.56591250104909
286.5,-3.4975562364587,-4.08136263332734,-5.32442852862186,-2.13633281522918,-3.51897040222769,-7.29029698818607,-6.8779419606775,-2.62431171037029,-6.94996571747568,-1.50820953768016
287.1,5.55925764406512,-1.8080498219654,0.609785490815643,-0.875783508418083,1.06506625107411,2.68194478894166,-1.07802677496668,-3.47766661318348,-1.99256539828109,-1.25866970912787
287.5,2.32565045764565,4.09031228251554,3.23964177144855,4.06408906076281,5.4028532293339,-1.25913632801934,4.22590214437188,2.4784947371938,4.77689814642467,2.11771767481307
287.9,5.08665073609954,4.17046513315539,6.44373282578343,5.98946757691879,1.66875688482418,10.2144513765726,-2.36244667565044,7.38709220092474,5.75530213892297,1.4636191359522
288.3,6.83498438069246,8.43176971228561,5.04827513881686,9.19831858877228,8.14828059889236,3.0083821668632,5.9881707205109,4.74016145579025,7.14693837918762,7.79776163524906
288.4,6.88445774496106,6.71713822354572,8.71020536758942,7.55007984905017,1.2957334512744,7.44510699095706,6.80394788657291,10.9219101475216,6.18173347809148,7.89990913679581
289,7.96946165566754,10.9091473608553,7.92752703470651,8.98798237476668,8.44736029511866,7.67075876886289,11.35339147581,12.6690766753545,9.41168016834684,10.3577110992974
289.1,10.6065817574354,8.95028755482361,9.11208074749457,12.7040779605364,7.4061277780543,16.7867613700696,10.5821102716217,16.8640269614705,15.3750666996646,14.0867542026211
290.2,12.9236717925949,10.7947045335166,12.6492255070484,14.4239925031686,15.1479389289077,12.4386135073102,13.1593914849069,15.2242099463471,16.944088602,13.9028965703941
291.5,10.866543127415,11.7095611905913,17.200011353533,17.0185536053185,14.3728820169392,19.2984609965298,21.1947793561048,16.9821265445311,14.5082624095716,14.9007066002047
292.5,18.2153698761157,12.4702376172363,16.3036073870947,15.8556595655297,16.6613643217223,19.08277632662,16.8788800311642,23.047681562291,18.359819267946,17.859780346502
292.9,18.071830048945,16.4081910778425,22.0879680127328,18.1866684300409,17.5861753874689,18.5720320391654,19.3158074514427,19.3833674230343,13.3789228957129,18.4496122722454
293.3,14.5077672470009,17.6699418345339,16.8849391159105,17.5636566200083,15.9222166236562,17.7013634187662,18.7440692747247,19.1659560340327,23.3084472429529,13.9340315410837
294,17.3052670165768,18.5699642893103,19.8927277853871,22.3687111054192,17.1988732824072,23.5160359385782,21.8438502363649,23.6706084855576,17.2628093211771,20.2036971593187
294.2,15.4316340383351,16.4758401526652,17.7818708810042,14.2283724835483,12.6879546527806,14.9078335056489,21.6452337263755,18.5140844005684,18.9025335576053,22.6066397773909
295.4,16.8986911256633,14.6974350572727,16.8396193986755,12.3950275053678,14.1356435631038,15.422619949941,17.2517808022738,16.4734561556078,20.0412745948913,14.5950385618102
295.7,12.3231209895625,13.5983083194691,14.5299858537792,14.5296497744861,14.7632221784625,21.1052647878301,18.0789870363441,18.8607191704304,18.4150833147325,15.539534508232
296.7,17.182713429448,14.0087159741393,13.9587959255065,18.7220161673265,9.96683756857344,10.4524291860548,15.4112993551767,15.9075548960517,16.9246319950956,12.6566186808032
297.3,9.44585496101516,13.5644861205289,11.1149692719382,9.68635632623736,11.7196030352937,16.2783500536541,13.5341227208026,19.8325873557754,14.3135296058877,13.5557265039446
298.1,15.6019157304025,16.2086574769474,11.8340589540328,10.5991349913203,14.3965466380568,9.90236222813952,13.6085748075796,11.0883580692374,12.4735361456891,10.2797298833578
298.6,11.5897358135233,8.36229449552775,7.57940083639549,9.68218666727103,9.15562912685086,11.7212197567814,9.41032577366173,12.5296414439509,12.2068876542287,9.98439996228785
299.4,7.57481312344444,13.9237191080519,6.2594246157265,8.053784535427,7.47630136696817,13.7637598320524,9.32184042171617,11.4845943601472,11.8120559119487,6.2635641406262
299.9,7.62649239717837,1.84292983845184,9.52844920581968,8.24472790214331,9.83590419182106,14.7636428811203,8.3713599371447,11.4916085787464,7.57674961041227,7.39233433132116
300.7,5.11229620607232,9.53528746332553,5.1112155307266,8.97380219877958,8.80884573828534,8.67113784956919,9.17789175269771,10.3638511739039,7.3162498550361,7.83636006403096
301.3,3.8575836422263,6.34988359638339,10.2491841607538,6.37866696026516,5.22192547406782,8.28803474664466,5.77946930170306,6.63323240779478,7.80011053947217,8.92768642506855
302.1,3.63037371316674,3.4391026979641,3.40782366499224,4.88658286130914,7.65815592280176,7.85502131525522,8.29160976043656,9.62590218205093,12.336772164833,7.55777890055401
302.6,6.36988052040492,8.53544110739214,7.85352134686688,1.91573372032003,4.20102402424293,7.29622163929133,7.01321902861998,4.87784523101266,6.64994183626317,7.33014405743571
303.4,7.68494824088323,4.84136605016745,2.35613024661289,4.43239319805634,8.85482672542783,4.86349853243406,7.30373831674235,3.59233303269404,1.4521523756486,8.07949074033331
303.8,-0.303797808062065,2.2185068231055,7.49535868308205,8.64249035576433,3.60381059652036,4.84455270440657,7.3706852622203,8.03532936721183,5.34286235848543,12.52134728407
304.7,8.44123976276665,7.25665487449223,4.08419612060249,2.6224145351841,4.21350031547016,5.79032062782091,7.0984972753036,11.2606269737337,9.22879770839002,3.76299081826629
305.5,6.17181071326064,3.22178078537569,6.8582397678033,-2.0774617564198,6.22886789527808,8.12487764697372,4.30285837974672,7.79536388174512,2.34525489936812,6.9108484301688
306.1,3.34613526136803,3.86519960007695,7.14980640765754,6.05073605320115,-0.361455111672704,3.76968306131233,4.49023368463704,6.53360262040344,6.69829114946385,6.54695273492186
306.8,3.69721254929597,5.4527633604773,3.36653698872326,-0.54621901927604,0.791369249937544,1.48780019197971,6.78606010785468,4.93651959493883,6.01110644797258,1.32814860816674
307.4,2.033601127877,3.00861430682597,5.25540904500918,7.44352852822098,6.51706908875466,3.16732584745945,3.68727457133909,5.46030130544495,5.91946866551339,9.06776060342338
308.1,5.13244839946172,3.58454814179848,6.10716558473251,-2.37029304457357,1.19539764694399,1.27678220457399,8.36229519623683,5.37901166939986,1.46963262166474,7.75539897170144
308.7,6.0703670328797,2.14032825489015,4.64066887730308,8.03078091853066,4.52922254067639,8.35194392410293,3.57265211380656,5.12683419718633,8.99463711225813,2.52822997667816
309.4,7.72268928870034,6.3350589879597,2.05942026348754,5.23512373011519,4.17605312128967,5.57066472776437,5.50727862513495,9.67963415177872,7.32585245191672,3.25385088173291
310.1,6.3802306688423,0.827672014744352,6.90483919795794,3.45878203210387,3.39348707222468,-0.751200096728847,3.40126184290664,6.55980967205072,1.06475477740946,3.59401301891006
310.8,1.436642070429,2.80879815382451,4.49560995245248,1.97635767571399,-2.07203200425975,5.80945302392539,1.28039789636313,4.66770676744405,2.78692763634862,2.43931790474774
311.4,1.88787669351649,1.06602533009761,7.50756691451314,1.14312059264198,7.99629283227103,5.05777905205818,3.74700076762634,3.37575412123325,0.0467577426030505,8.93899294275539
312.1,0.639317236987551,8.27722374340119,-0.358097401150687,0.145406127607727,0.981228478117896,1.33255589401867,3.52829906853035,2.04273169910489,7.61403146955929,9.21140212115437
312.8,-0.0115776176316205,3.14619323083632,2.70004119739899,-1.02028236585818,7.66541995035695,8.55224471795217,6.24017993061943,4.52617917076983,2.86056404365439,3.79799885860257
313.5,2.66111381485702,-0.320567446377882,4.50395102246818,2.58290417524225,5.48520864749029,7.15532580628283,-3.42807941393153,5.01882418617561,0.355314393968026,6.55810324373524
314.1,2.68280212965117,6.13148374484218,3.10699413007556,7.53113788117247,4.96889413869886,5.5711026807483,4.8800308221261,0.32794402559919,-1.24331802830236,2.2193299652969
314.8,2.95776982092356,3.48375815480745,-1.8119354133515,4.45647046691605,9.03017552284471,3.18053292881659,4.38991441441161,3.34436410713657,2.41868834185662,1.90028375149404
315.4,2.41776060529186,4.1565496373916,2.92859465211684,-1.78981163941315,-3.86802909479979,7.57976487138835,2.35888497560086,-0.933237140868068,1.19233527692525,1.74830685013827
315.9,-2.21581105477676,1.21026004109539,-1.83170699714708,5.12399406397367,3.32149613844624,3.26715718413256,-0.460352971185049,0.00562493441073819,1.25424442287693,-0.838830307204053
316.8,-1.18677048568567,2.58577793464437,0.48768096320701,-2.04376421905831,2.31021335504111,0.373838065847614,4.38411305252686,4.26124256423249,4.6622422238249,2.79111689905625
317,3.62401957588275,0.254540022680635,5.69504997456574,5.68221907672982,-0.296422456790413,1.83964090320433,4.48214781668211,2.43574720739319,6.60559901499401,1.7374670297587
318.1,1.64517009160312,3.78479571837976,7.68858503828866,-0.833574968006363,-1.03645733280923,1.62369242918552,2.64519873636597,2.78840811726973,5.78863453133149,2.75324334828279
318.3,6.34195736269588,1.45937845410123,4.35817096670628,-1.4421329395243,3.06639691100222,5.3713144464127,1.58905283855813,3.1590198378357,2.00623248534797,-0.920451409909028
319.4,7.3800332234171,0.563883161057947,3.50182069910334,3.35869974901705,4.57826628408722,3.52404741570193,2.85365764762589,4.93904176563895,1.96393103651259,5.24328025292795
319.6,4.31390959972797,1.03481321320576,-0.227837842498618,2.22831904632273,5.80898661190966,1.84692858251877,4.44804320528853,5.5057370810122,3.11075578607117,4.31521252115008
320.8,5.88182743417069,-0.310582896319912,5.61378948460165,4.00687776981537,3.37669401831275,5.52152312008527,8.54496258184923,6.31122186809204,4.29132752824768,-0.0283284361036147
321,2.00079421574808,0.173964836512857,3.06552243752455,3.26010730785988,6.29234685699482,5.44153350272651,4.22998091323152,3.67264102828804,3.16915517817584,6.53039326532234
322.1,4.36266905595839,1.82071462874209,0.0587861422024429,1.59016585216201,2.60328509060513,0.248854460571979,4.79121080324357,1.00253885544801,4.86243755768631,-3.94674130526593
322.3,1.44572082882218,1.65706853403067,0.0732152974506977,0.0326328356982171,-2.54252665966956,1.53748468608754,3.89221519258093,3.0882632838343,2.5224409972581,2.74408942404304
323.4,2.29097504497225,-2.00711859288486,2.287638275568,-3.86610348938442,3.02647655843102,3.17195432527481,2.77227618448,0.938004070218502,6.74537376323172,0.897636406414888
323.7,0.00222358825952251,1.94866325926145,3.31966513038263,1.50413181653481,2.83770349021756,1.83161921074897,4.39608333725844,1.21757506095568,-1.67854388968358,6.10926637380397
324.8,-3.94388327071621,-0.317441584610788,2.88525703978362,0.44873876278579,-1.80716851907841,1.76914629363633,2.02458041169519,1.7857893242141,0.725597350173344,1.31741039795172
324.9,-4.90303333353368,-1.78956327452601,0.36272633545306,-0.458427811583253,1.13258141842034,-2.48314881969213,-0.942869531588829,-3.76571346608015,1.50463653035737,-2.63604847392944
326.1,-2.56402681441735,-1.25436678243652,1.38124234197442,3.50916809525443,3.79786687732113,-1.06036591997729,2.525299688489,3.77577383062825,-0.0823807690207129,-4.50618305520667
326.3,3.75596089013814,-4.84406907749759,-2.52525425638693,-0.937489639728607,-1.78267628794542,2.34010183337751,2.16395163199179,-2.8269317562346,-2.32899374513627,1.1130074315953
327.4,0.267975395453341,-1.29484931692231,4.21426237305199,1.00681933473507,-2.02454601573229,-1.27628274616086,-0.972383473714525,4.20428656519372,3.36588197204405,4.58171579835122
328.2,1.01759689053406,0.0688545818969823,0.718563593179387,-3.93527202503463,-0.139081408589693,0.958178050003797,-1.42673186755442,3.30519573939347,-1.59013172416955,4.71908767935066
328.8,-2.31955849620464,-0.807396947631481,-0.122662599148808,0.187688073523276,-6.35921511580209,-3.77352694374873,-4.89086537649066,-2.27456000989621,2.68844709049461,1.43881971270108
329.8,1.83548176178634,-0.442739333632413,-3.0286720084779,-1.16572711445505,-0.1308903940618,-1.63493263152232,-0.992732431495295,0.112261417875954,1.50255583583121,-0.826428114524146
330.1,-3.17359788911926,-2.7066664599094,-0.883989647501407,-1.27443033941157,1.90239213143068,-3.48819772118834,1.67847680349217,-0.370789387911966,-2.4791906086975,2.31763449597892
331.3,-3.19602827650083,-0.913102051360925,3.09952426756633,2.33710017212397,-1.97378941649563,2.52893772974619,-3.35334828031363,2.55078769503488,0.799195682383251,0.154615396750104
331.4,-0.542876068349283,1.28390877080929,3.06104123784667,0.70811026021164,-1.13389798082136,-2.50342832303841,0.337477155681208,1.37623070425644,1.97385990261713,-3.97657140264267
332.6,-5.63735237920546,0.982926083138352,-0.238388677353876,0.233871252362026,-1.38147886745129,1.40119398249468,-0.662189466622792,-1.68620482994622,1.36820527288118,1.54276611173228
332.8,-2.45294725844319,-0.252189912970361,1.79978483207315,-4.61052586794477,4.07209214641912,2.94103312150813,1.79824817261371,-3.0725691112047,-1.72209101141318,0.93814770725586
334,4.48205006620471,0.783411939920692,2.76295372771198,3.75132074683592,-0.501301087603165,5.90888723853406,-2.07351651785893,3.31106967138839,0.872928994640625,1.58860243475623
334.1,0.123586971045935,0.719644506355158,-2.92990552157061,0.841803542007095,0.800077740142343,5.32424260833944,0.479595718040192,2.49277553389586,-1.65908578051147,4.74958912129179
335.3,-1.87032402765719,1.89852965317845,-1.54425791178192,1.07991378573071,4.4048383649935,-0.616705681824008,0.074743378142389,-2.08147882744928,-1.61552855285617,1.11496714248477
335.4,0.45094299099894,-0.134480427398468,1.09444705617595,-4.90563001493336,-2.65414795576738,-0.372158714357725,-0.209471165533774,-3.07029112056456,-6.51630906478258,-3.75507317328483
336.6,4.98331179756861,2.99256144540558,-0.302758527414836,-1.85063984449377,0.314873370222544,4.28432101434926,-1.33569274083536,2.81768607043533,-3.05972299825712,2.97150579393937
336.8,4.18553920766524,0.818041765737698,-0.698734584641263,0.815002061633998,2.18688492951627,-1.40231634514588,-0.327841203940141,-0.961493760242982,0.529045703187786,1.14035825421125
338,0.214254123466396,3.39454395393241,-0.0469833619557905,-1.59628232004306,-1.64038934403264,2.45512646228519,-1.11302406786828,-4.74680634513814,6.49614408504074,5.30585955441469
338.1,-1.8283784874708,-1.91369536221522,1.22415600917657,0.985678402811372,-0.030421148396912,-0.700872019365135,-1.69622575114811,5.42714484739783,-1.35466614352861,-2.53772506898773
338.7,6.30785092490131,-0.980573827605583,-3.23154038343128,-0.330161084539263,0.170902115775598,1.14591839465239,1.04549098039773,2.17092243128064,-5.09652441154365,-0.276392837380614
